Workbook

Sheet Attachement
C1: Libreville, le 28 janvier 2026
A2: ATTACHEMENT N°1
A3: ESSAI
A5: Période du 25 Juillet 2025 au 31 Decembre 2025
B6: MONTANT DU MARCHE TTC :
B7: Delai Contractuel :
B8: N° | C8: Désignation | D8: Unités | E8: Quantités | F8: PROGRESSION
F9: Prestations précédentes | G9: Prestations du Mois | H9: Prestations cumulées | I9: % avment | J9: Prestations restantes
F10: Qté | G10: Qté | H10: Qté | J10: Qté Restante
B11: I. VOIE SUR LA BERGE DE LA LOWE
B12: 000 | C12: INSTALLATION DE CHANTIER
B13: N° | C13: Désignation | D13: Unités | E13: Quantités
B14: 001 | C14: Installation générale de chantier et des services | D14: Ft | E14: 1 | H14: =+G14+F14 -> 0 | I14: =+H14/E14 -> 0 | J14: =+E14-H14 -> 1
B15: 002 | C15: Levé topografique, études de projet APD et élaboration des plans d'exécution | D15: Ft | E15: 1 | H15: =+G15+F15 -> 0 | I15: =+H15/E15 -> 0 | J15: =+E15-H15 -> 1
B16: 003 | C16: Plan d'assurance qualité des travaux | D16: Ft | E16: 1 | H16: =+G16+F16 -> 0 | I16: =+H16/E16 -> 0 | J16: =+E16-H16 -> 1
B17: 004 | C17: Compagne géotechnique pendant les travaux de chaussées | D17: Ft | E17: 1 | G17: 0.75 | H17: =+G17+F17 -> 0.75 | I17: =+H17/E17 -> 0.75 | J17: =+E17-H17 -> 0.25
B18: 005 | C18: Etude Bathymetrique | D18: Ft | E18: 1 | G18: 0.9 | H18: =+G18+F18 -> 0.9 | I18: =+H18/E18 -> 0.9 | J18: =+E18-H18 -> 0.1
B19: 006 | C19: Provision pour déplacement de réseaux | D19: Ft | E19: 1 | H19: =+G19+F19 -> 0 | I19: =+H19/E19 -> 0 | J19: =+E19-H19 -> 1
B20: 007 | C20: Provision pour déguerpissement et/ou expropriation | D20: Ft | E20: 1 | H20: =+G20+F20 -> 0 | I20: =+H20/E20 -> 0 | J20: =+E20-H20 -> 1
B22: 100 | C22: TRAVAUX PREPARATOIRES DEGAGEMENT DES EMPRISES
B23: N° | C23: Désignation | D23: Unités | E23: Quantités
B24: 101 | C24: Débroussaillement avec essouchement / Nettoyage de terrain | D24: m² | E24: 3000 | G24: 42311.2 | H24: =+G24+F24 -> 42311.2 | I24: =+H24/E24 -> 14.103733 | J24: =+E24-H24 -> -39311.2
B25: 102 | C25: Abattage et dessouchage des arbres de circonférence supérieure ou égale à 1 m | D25: u | E25: 200 | H25: =+G25+F25 -> 0 | I25: =+H25/E25 -> 0 | J25: =+E25-H25 -> 200
B26: 103 | C26: Décapage de terre végétale sur 0,2 m d'épaisseur | D26: m² | E26: 400 | G26: 564.15 | H26: =+G26+F26 -> 564.15 | I26: =+H26/E26 -> 1.410375 | J26: =+E26-H26 -> -164.15
B28: 200 | C28: TERRASSEMENTS GENERAUX
B29: N° | C29: Désignation | D29: Unités | E29: Quantités
B30: 201 | C30: Déblais mis en dépôt | D30: m³ | E30: 1500 | G30: 2541.4 | H30: =+G30+F30 -> 2541.4 | I30: =+H30/E30 -> 1.6942667 | J30: =+E30-H30 -> -1041.4
B31: 202 | C31: Purge de terre de mauvaise tenue et substitution au-delà de 50 cm | D31: m³ | E31: 5050 | G31: 5850 | H31: =+G31+F31 -> 5850 | I31: 0 | J31: -
B32: 203 | C32: Remblais provenant d'emprunts en matériaux naturels | D32: m³ | E32: 53000 | G32: 5314 | H32: =+G32+F32 -> 5314 | I32: =+H32/E32 -> 0.10026415 | J32: =+E32-H32 -> 47686
B33: 204 | C33: Réglage et compactage de l'arase de la plateforme des terrassements | D33: m² | E33: 45000 | H33: =+G33+F33 -> 0 | I33: 0 | J33: =+E33-H33 -> 45000
B34: 205 | C34: Enrochement berge apres purge | D34: m3 | E34: 31000 | G34: 6675 | H34: =+G34+F34 -> 6675 | I34: =+H34/E34 -> 0.21532258 | J34: =+E34-H34 -> 24325
B35: 206 | C35: Mise en place d'une berge en matériaux traités aux liants hydrauliques | D35: m² | E35: 10200 | H35: =+G35+F35 -> 0 | I35: =+H35/E35 -> 0 | J35: =+E35-H35 -> 10200
B37: 300 | C37: CHAUSSEE
B38: N° | C38: Désignation | D38: Unités | E38: Quantités
B39: 301 | C39: Fourniture, transport et mise en œuvre de graveleux lateritique pour couche de fondation - épaisseur = 35 cm | D39: m³ | E39: 17000 | H39: =+G39+F39 -> 0 | I39: =+H39/E39 -> 0 | J39: =+E39-H39 -> 17000
B40: 302 | C40: Fourniture, transport et mise en œuvre de grave concassé 0/25 pour la couche de base - épaisseur = 25 cm | D40: m³ | E40: 5200 | H40: =+G40+F40 -> 0 | I40: =+H40/E40 -> 0 | J40: =+E40-H40 -> 5200
B41: 303 | C41: Fourniture et mise œuvre de beton dosé à 200 Kg/m3 pour revetement de trottoir - épaisseur = 10 cm | D41: m³ | E41: 1020 | H41: =+G41+F41 -> 0 | I41: =+H41/E41 -> 0 | J41: =+E41-H41 -> 1020
B42: 304 | C42: Revêtement en béton bitumineux ( 7 cm ) | D42: m³ | E42: 1300 | H42: =+G42+F42 -> 0 | I42: =+H42/E42 -> 0 | J42: =+E42-H42 -> 1300
B43: 305 | C43: Imprégnation MRC 400-600 | D43: m² | E43: 20000 | H43: =+G43+F43 -> 0 | I43: =+H43/E43 -> 0 | J43: =+E43-H43 -> 20000
B44: 307 | C44: Béton Bitumineux Minces pour piste cyclabe | D44: m³ | E44: 210 | H44: =+G44+F44 -> 0 | I44: =+H44/E44 -> 0 | J44: =+E44-H44 -> 210
B45: 305 | C45: Fourniture et mise œuvre de terre végétale pour espace vert | D45: m² | E45: 900 | H45: =+G45+F45 -> 0 | I45: =+H45/E45 -> 0 | J45: =+E45-H45 -> 900
B47: 400 | C47: DRAINAGE ASSAINISSEMENT
B48: N° | C48: Désignation | D48: Unités | E48: Quantités
B49: 401 | C49: Fourniture et pose de bordures de type T2 | D49: ml | E49: 9000 | H49: =+G49+F49 -> 0 | I49: =+H49/E49 -> 0 | J49: =+E49-H49 -> 9000
B50: 403 | C50: Fourniture et pose de bordures de type CS2 | D50: ml | E50: 1800 | H50: =+G50+F50 -> 0 | I50: =+H50/E50 -> 0 | J50: =+E50-H50 -> 1800
B51: 404 | C51: Caniveaux en béton armé rectangulaire 50x50 | D51: ml | E51: 3500 | H51: =+G51+F51 -> 0 | I51: =+H51/E51 -> 0 | J51: =+E51-H51 -> 3500
B52: 405 | C52: Dalette en beton armé pour traversée de caniveaux 50x50 | D52: ml | E52: 1800 | H52: =+G52+F52 -> 0 | I52: =+H52/E52 -> 0 | J52: =+E52-H52 -> 1800
B53: 406 | C53: Aménagement de descentes d'eau | D53: ml | H53: =+G53+F53 -> 0 | J53: =+E53-H53 -> 0
B54: 407 | C54: Regard 100x100 | D54: u | H54: =+G54+F54 -> 0 | J54: =+E54-H54 -> 0
B55: 408 | C55: F/P de tampon pour regard | D55: u | H55: =+G55+F55 -> 0 | J55: =+E55-H55 -> 0
B56: 409 | C56: Fourniture et mise œuvre de beton armé pour ouvrages de soutènement | D56: m³ | H56: =+G56+F56 -> 0 | J56: =+E56-H56 -> 0
B57: 410 | C57: Dalot en béton armé 1 x (100 cm x 100 cm) | D57: ml | E57: 180 | H57: =+G57+F57 -> 0 | I57: =+H57/E57 -> 0 | J57: =+E57-H57 -> 180
B58: 411 | C58: Tête pour dalot en béton armé 1x(100x100 cm) | D58: U | E58: 8 | H58: =+G58+F58 -> 0 | I58: =+H58/E58 -> 0 | J58: =+E58-H58 -> 8
B59: 412 | C59: Regards pour tuyaux de reservation electrique 100x100x80 | D59: U | E59: 18 | H59: =+G59+F59 -> 0 | I59: =+H59/E59 -> 0 | J59: =+E59-H59 -> 18
B61: 500 | C61: PRESTATIONS ENVIRONNEMENTALES
B62: N° | C62: Désignation | D62: Unités | E62: Quantités
B63: 501 | C63: Réhabilitation des zones d'emprunts et de dépôts | D63: FT | E63: 1 | H63: =+G63+F63 -> 0 | I63: =+H63/E63 -> 0 | J63: =+E63-H63 -> 1
B64: 600 | C64: AMENAGEMENTS CONNEXES
B65: N° | C65: Désignation | D65: Unités | E65: Quantités
B66: 601 | C66: Aménagement d'arrêt taxis (parking) | D66: u | E66: 1 | H66: =+G66+F66 -> 0 | I66: =+H66/E66 -> 0 | J66: =+E66-H66 -> 1
B67: 602 | C67: Aménagement de plateau sportif | D67: u | E67: 1 | H67: =+G67+F67 -> 0 | I67: =+H67/E67 -> 0 | J67: =+E67-H67 -> 1
B69: II. PIEUX SOUS PILE
B70: 000 | C70: GEOTECHNIQUE PIEUX
B71: N° | C71: Désignation | D71: Unités | E71: Quantités
B72: 001 | C72: Etude geotechnique mission G2 PRO | D72: Ft | E72: 1 | H72: =+G72+F72 -> 0 | I72: =+H72/E72 -> 0 | J72: =+E72-H72 -> 1
B74: N° | C74: Désignation | D74: Unités | E74: Quantités | F74: PROGRESSION
F75: Prestations précédentes | G75: Prestations du Mois | H75: Prestations cumulées | I75: % avment | J75: Prestations restantes
F76: Qté | G76: Qté | H76: Qté | J76: Qté Restante
B77: 100 | C77: FONDATIONS PROFONDES SUR PIEUX
B78: N° | C78: Désignation | D78: Unités | E78: Quantités
B79: 101 | C79: mobilisation ,amenée repli et démobilisation | D79: FT | E79: 1 | H79: =+G79+F79 -> 0 | I79: =+H79/E79 -> 0 | J79: =+E79-H79 -> 1
B80: 102 | C80: installation chantier | D80: FT | E80: 1 | H80: =+G80+F80 -> 0 | I80: =+H80/E80 -> 0 | J80: =+E80-H80 -> 1
B81: 103 | C81: Réalisation pieux de 1000 | D81: U | E81: 28 | H81: =+G81+F81 -> 0 | I81: =+H81/E81 -> 0 | J81: =+E81-H81 -> 28
C82: forage à la tariere de 1200 , 15ml/pieu y compris tubage | H82: =+G82+F82 -> 0 | J82: =+E82-H82 -> 0
C83: forationn dans rocher 8ml/pieu | H83: =+G83+F83 -> 0 | J83: =+E83-H83 -> 0
C84: mise en placearmature , beton beton | H84: =+G84+F84 -> 0 | J84: =+E84-H84 -> 0
C85: recepage des pieux | H85: =+G85+F85 -> 0 | J85: =+E85-H85 -> 0
C86: coffrage des tetes de pieux | H86: =+G86+F86 -> 0 | J86: =+E86-H86 -> 0
B87: 104 | C87: fourniture beton | D87: m3 | E87: 760 | H87: =+G87+F87 -> 0 | I87: =+H87/E87 -> 0 | J87: =+E87-H87 -> 760
B88: 105 | C88: fourniture acier | D88: kg | E88: 11000 | H88: =+G88+F88 -> 0 | I88: =+H88/E88 -> 0 | J88: =+E88-H88 -> 11000
B90: 200 | C90: TERRASSEMENTS GENERAUX
B91: N° | C91: Désignation | D91: Unités | E91: Quantités
B92: 201 | C92: Enrochement Batardeau | D92: m³ | E92: 2100 | H92: =+G92+F92 -> 0 | I92: =+H92/E92 -> 0 | J92: =+E92-H92 -> 2100
B93: 202 | C93: remblais batardeau | D93: m³ | E93: 5100 | H93: =+G93+F93 -> 0 | I93: 0 | J93: -
B94: 203 | C94: Pompage et autres aléas | D94: FT | E94: 1 | H94: =+G94+F94 -> 0 | I94: =+H94/E94 -> 0 | J94: =+E94-H94 -> 1
B96: 300 | C96: DIVERS
B97: N° | C97: Désignation | D97: Unités | E97: Quantités
B98: 301 | C98: Essais d'impédance sur pieux avec rapport d'auscultation | D98: U | E98: 30 | H98: =+G98+F98 -> 0 | I98: =+H98/E98 -> 0 | J98: =+E98-H98 -> 30
B99: 302 | C99: Plan de pilotage, rapport d'éxécution | D99: FT | E99: 1 | H99: =+G99+F99 -> 0 | I99: =+H99/E99 -> 0 | J99: =+E99-H99 -> 1
B100: 303 | C100: Mission de contrôle technique | D100: FT | E100: 1 | H100: =+G100+F100 -> 0 | I100: =+H100/E100 -> 0 | J100: =+E100-H100 -> 1
B102: III. PONT SUR LA LOWE
B103: 000 | C103: INSTALLATION PONT
B104: N° | C104: Désignation | D104: Unités | E104: Quantités
B105: 001 | C105: Bureau et atelier de montage | D105: Ft | E105: 1 | H105: =+G105+F105 -> 0 | I105: =+H105/E105 -> 0 | J105: =+E105-H105 -> 1
B106: 002 | C106: Aire de montage du pont | D106: m3 | E106: 18000 | H106: =+G106+F106 -> 0 | I106: 0 | J106: -
B107: 003 | C107: Remblai lancement Pont | D107: m3 | E107: 29700 | H107: =+G107+F107 -> 0 | I107: =+H107/E107 -> 0 | J107: =+E107-H107 -> 29700
B108: 004 | C108: pilotage etudes d'éxécution | D108: FT | E108: 1 | H108: =+G108+F108 -> 0 | I108: 0 | J108: -
B109: 005 | C109: contrôle externe | D109: FT | E109: 1 | H109: =+G109+F109 -> 0 | I109: =+H109/E109 -> 0 | J109: =+E109-H109 -> 1
B110: 006 | C110: suivi topographique en cours d'éxécution | D110: mois | E110: 6 | H110: =+G110+F110 -> 0 | I110: 0 | J110: =+E110-H110 -> 6
B111: 007 | C111: Reconnaissance geotechnique des sols support | D111: FT | E111: 1 | H111: =+G111+F111 -> 0 | I111: =+H111/E111 -> 0 | J111: =+E111-H111 -> 1
...

Sheet Décompte
C1: =+Attachement!C1 -> Libreville, le 28 janvier 2026
A3: DECOMPTE PROVISOIRE N°1
A4: ESSAI
A6: =+Attachement!A5 -> Période du 25 Juillet 2025 au 31 Decembre 2025
B7: MONTANT DU MARCHE TTC :
B8: Delai Contractuel : ... MOIS
C10: Désignation | D10: Unités | E10: Quantités | F10: Prix unitaire | G10: Prix total | H10: PROGRESSION
H11: Prestations précédentes | J11: Prestations du Mois | L11: Prestations cumulées (en FCFA) | N11: % avment | O11: Prestations restantes (en FCFA)
H12: Qté | I12: Montant | J12: Qté | K12: Montant | L12: Qté | M12: Montant | O12: Qté Restante | P12: CA Restant
B13: I. VOIE SUR LA BERGE DE LA LOWE
B14: 000 | C14: INSTALLATION DE CHANTIER
B15: N° | C15: Désignation | D15: Unités | E15: Quantités
B16: 001 | C16: Installation générale de chantier et des services | D16: Ft | E16: =+Attachement!E14 -> 1 | F16: 100000000 | G16: =+E16*F16 -> 100000000 | H16: =+Attachement!F14 -> 0 | J16: =+Attachement!H14 -> 0 | K16: =+J16*F16 -> 0 | L16: =+J16+H16 -> 0 | M16: =+K16+I16 -> 0 | N16: =+M16/G16 -> 0 | O16: =+E16-L16 -> 1 | P16: =+G16-M16 -> 100000000
B17: 002 | C17: Levé topografique, études de projet APD et élaboration des plans d'exécution | D17: Ft | E17: =+Attachement!E15 -> 1 | F17: 15000000 | G17: =+E17*F17 -> 15000000 | H17: =+Attachement!F15 -> 0 | J17: =+Attachement!H15 -> 0 | K17: =+J17*F17 -> 0 | L17: =+J17+H17 -> 0 | M17: =+K17+I17 -> 0 | N17: =+M17/G17 -> 0 | O17: =+E17-L17 -> 1 | P17: =+G17-M17 -> 15000000
B18: 003 | C18: Plan d'assurance qualité des travaux | D18: Ft | E18: =+Attachement!E16 -> 1 | F18: 21000000 | G18: =+E18*F18 -> 21000000 | H18: =+Attachement!F16 -> 0 | J18: =+Attachement!H16 -> 0 | K18: =+J18*F18 -> 0 | L18: =+J18+H18 -> 0 | M18: =+K18+I18 -> 0 | N18: =+M18/G18 -> 0 | O18: =+E18-L18 -> 1 | P18: =+G18-M18 -> 21000000
B19: 004 | C19: Compagne géotechnique pendant les travaux de chaussées | D19: Ft | E19: =+Attachement!E17 -> 1 | F19: 18000000 | G19: =+E19*F19 -> 18000000 | H19: =+Attachement!F17 -> 0 | J19: =+Attachement!H17 -> 0.75 | K19: =+J19*F19 -> 13500000 | L19: =+J19+H19 -> 0.75 | M19: =+K19+I19 -> 13500000 | N19: =+M19/G19 -> 0.75 | O19: =+E19-L19 -> 0.25 | P19: =+G19-M19 -> 4500000
B20: 005 | C20: Etude Bathymetrique | D20: Ft | E20: =+Attachement!E18 -> 1 | F20: 13000000 | G20: =+E20*F20 -> 13000000 | H20: =+Attachement!F18 -> 0 | J20: =+Attachement!H18 -> 0.9 | K20: =+J20*F20 -> 11700000 | L20: =+J20+H20 -> 0.9 | M20: =+K20+I20 -> 11700000 | N20: =+M20/G20 -> 0.9 | O20: =+E20-L20 -> 0.1 | P20: =+G20-M20 -> 1300000
B21: 006 | C21: Provision pour déplacement de réseaux | D21: Ft | E21: =+Attachement!E19 -> 1 | F21: 23000000 | G21: =+E21*F21 -> 23000000 | H21: =+Attachement!F19 -> 0 | J21: =+Attachement!H19 -> 0 | K21: =+J21*F21 -> 0 | L21: =+J21+H21 -> 0 | M21: =+K21+I21 -> 0 | N21: =+M21/G21 -> 0 | O21: =+E21-L21 -> 1 | P21: =+G21-M21 -> 23000000
B22: 007 | C22: Provision pour déguerpissement et/ou expropriation | D22: Ft | E22: =+Attachement!E20 -> 1 | F22: 8000000 | G22: =+E22*F22 -> 8000000 | H22: =+Attachement!F20 -> 0 | J22: =+Attachement!H20 -> 0 | K22: =+J22*F22 -> 0 | L22: =+J22+H22 -> 0 | M22: =+K22+I22 -> 0 | N22: =+M22/G22 -> 0 | O22: =+E22-L22 -> 1 | P22: =+G22-M22 -> 8000000
C23: Total Poste 000 | G23: =+SUBTOTAL(9,G15:G22) -> 198000000 | I23: =+SUBTOTAL(9,I15:I22) -> 0 | K23: =+SUBTOTAL(9,K15:K22) -> 25200000 | M23: =+SUBTOTAL(9,M15:M22) -> 25200000 | N23: =+M23/G23 -> 0.12727273 | P23: =+SUBTOTAL(9,P15:P22) -> 172800000
B24: 100 | C24: TRAVAUX PREPARATOIRES DEGAGEMENT DES EMPRISES
B25: N° | C25: Désignation | D25: Unités | E25: Quantités
B26: 101 | C26: Débroussaillement avec essouchement / Nettoyage de terrain | D26: m² | E26: =+Attachement!E24 -> 3000 | F26: 720 | G26: =+E26*F26 -> 2160000 | H26: =+Attachement!F24 -> 0 | I26: =H26*F26 -> 0 | J26: =+Attachement!G24 -> 42311.2 | K26: =+J26*F26 -> 30464064 | L26: =+J26+H26 -> 42311.2 | M26: =+K26+I26 -> 30464064 | N26: =+M26/G26 -> 14.103733 | O26: =+E26-L26 -> -39311.2 | P26: =+G26-M26 -> -28304064
B27: 102 | C27: Abattage et dessouchage des arbres de circonférence supérieure ou égale à 1 m | D27: u | E27: =+Attachement!E25 -> 200 | F27: 56000 | G27: =+E27*F27 -> 11200000 | H27: =+Attachement!F25 -> 0 | I27: =H27*F27 -> 0 | J27: =+Attachement!G25 -> 0 | K27: =+J27*F27 -> 0 | L27: =+J27+H27 -> 0 | M27: =+K27+I27 -> 0 | N27: =+M27/G27 -> 0 | O27: =+E27-L27 -> 200 | P27: =+G27-M27 -> 11200000
B28: 103 | C28: Décapage de terre végétale sur 0,2 m d'épaisseur | D28: m² | E28: =+Attachement!E26 -> 400 | F28: 1720 | G28: =+E28*F28 -> 688000 | H28: =+Attachement!F26 -> 0 | I28: =H28*F28 -> 0 | J28: =+Attachement!G26 -> 564.15 | K28: =+J28*F28 -> 970338 | L28: =+J28+H28 -> 564.15 | M28: =+K28+I28 -> 970338 | O28: =+E28-L28 -> -164.15 | P28: =+G28-M28 -> -282338
C29: Total Poste 100 | G29: =+SUBTOTAL(9,G25:G28) -> 14048000 | I29: =+SUBTOTAL(9,I25:I28) -> 0 | K29: =+SUBTOTAL(9,K25:K28) -> 31434402 | M29: =+SUBTOTAL(9,M25:M28) -> 31434402 | N29: =+M29/G29 -> 2.2376425 | P29: =+SUBTOTAL(9,P25:P28) -> -17386402
B30: 200 | C30: TERRASSEMENTS GENERAUX
B31: N° | C31: Désignation | D31: Unités | E31: Quantités
B32: 201 | C32: Déblais mis en dépôt | D32: m³ | E32: =+Attachement!E30 -> 1500 | F32: 2350 | G32: =+E32*F32 -> 3525000 | H32: =+Attachement!F30 -> 0 | I32: =H32*F32 -> 0 | J32: =+Attachement!G30 -> 2541.4 | K32: =+J32*F32 -> 5972290 | L32: =+J32+H32 -> 2541.4 | M32: =+K32+I32 -> 5972290 | N32: =+M32/G32 -> 1.6942667 | O32: =+E32-L32 -> -1041.4 | P32: =+G32-M32 -> -2447290
B33: 202 | C33: Purge de terre de mauvaise tenue et substitution au-delà de 50 cm | D33: m³ | E33: =+Attachement!E31 -> 5050 | F33: 25000 | G33: =+E33*F33 -> 126250000 | H33: =+Attachement!F31 -> 0 | I33: =H33*F33 -> 0 | J33: =+Attachement!G31 -> 5850 | K33: =+J33*F33 -> 146250000 | L33: =+J33+H33 -> 5850 | M33: =+K33+I33 -> 146250000 | P33: =+G33-M33 -> -20000000
B34: 203 | C34: Remblais provenant d'emprunts en matériaux naturels | D34: m³ | E34: =+Attachement!E32 -> 53000 | F34: 25000 | G34: =+E34*F34 -> 1325000000 | H34: =+Attachement!F32 -> 0 | I34: =H34*F34 -> 0 | J34: =+Attachement!G32 -> 5314 | K34: =+J34*F34 -> 132850000 | L34: =+J34+H34 -> 5314 | M34: =+K34+I34 -> 132850000 | N34: =+M34/G34 -> 0.10026415 | O34: =+E34-L34 -> 47686 | P34: =+G34-M34 -> 1192150000
B35: 204 | C35: Réglage et compactage de l'arase de la plateforme des terrassements | D35: m² | E35: =+Attachement!E33 -> 45000 | F35: 2350 | G35: =+E35*F35 -> 105750000 | H35: =+Attachement!F33 -> 0 | I35: =H35*F35 -> 0 | J35: =+Attachement!G33 -> 0 | K35: =+J35*F35 -> 0 | L35: =+J35+H35 -> 0 | M35: =+K35+I35 -> 0 | O35: =+E35-L35 -> 45000 | P35: =+G35-M35 -> 105750000
B36: 205 | C36: Enrochement berge apres purge | D36: m3 | E36: =+Attachement!E34 -> 31000 | F36: 45900 | G36: =+E36*F36 -> 1422900000 | H36: =+Attachement!F34 -> 0 | I36: =H36*F36 -> 0 | J36: =+Attachement!G34 -> 6675 | K36: =+J36*F36 -> 306382500 | L36: =+J36+H36 -> 6675 | M36: =+K36+I36 -> 306382500 | N36: =+M36/G36 -> 0.21532258 | O36: =+E36-L36 -> 24325 | P36: =+G36-M36 -> 1116517500
B37: 206 | C37: Mise en place d'une berge en matériaux traités aux liants hydrauliques | D37: m² | E37: =+Attachement!E35 -> 10200 | F37: 40000 | G37: =+E37*F37 -> 408000000 | H37: =+Attachement!F35 -> 0 | I37: =H37*F37 -> 0 | J37: =+Attachement!G35 -> 0 | K37: =+J37*F37 -> 0 | L37: =+J37+H37 -> 0 | M37: =+K37+I37 -> 0 | N37: =+M37/G37 -> 0 | O37: =+E37-L37 -> 10200 | P37: =+G37-M37 -> 408000000
C38: Total Poste 200 | G38: =+SUBTOTAL(9,G31:G37) -> 3391425000 | I38: =+SUBTOTAL(9,I31:I37) -> 0 | K38: =+SUBTOTAL(9,K31:K37) -> 591454790 | M38: =+SUBTOTAL(9,M31:M37) -> 591454790 | N38: =+M38/G38 -> 0.17439713 | P38: =+SUBTOTAL(9,P31:P37) -> 2799970210
B39: 300 | C39: CHAUSSEE
B40: N° | C40: Désignation | D40: Unités | E40: Quantités
B41: 301 | C41: Fourniture, transport et mise en œuvre de graveleux lateritique pour couche de fondation - épaisseur = 35 cm | D41: m³ | E41: =+Attachement!E39 -> 17000 | F41: 35000 | G41: =+E41*F41 -> 595000000 | H41: =+Attachement!F39 -> 0 | I41: =H41*F41 -> 0 | J41: =+Attachement!G39 -> 0 | K41: =+J41*F41 -> 0 | L41: =+J41+H41 -> 0 | M41: =+K41+I41 -> 0 | N41: =+M41/G41 -> 0 | O41: =+E41-L41 -> 17000 | P41: =+G41-M41 -> 595000000
B42: 302 | C42: Fourniture, transport et mise en œuvre de grave concassé 0/25 pour la couche de base - épaisseur = 25 cm | D42: m³ | E42: =+Attachement!E40 -> 5200 | F42: 72000 | G42: =+E42*F42 -> 374400000 | H42: =+Attachement!F40 -> 0 | I42: =H42*F42 -> 0 | J42: =+Attachement!G40 -> 0 | K42: =+J42*F42 -> 0 | L42: =+J42+H42 -> 0 | M42: =+K42+I42 -> 0 | N42: =+M42/G42 -> 0 | O42: =+E42-L42 -> 5200 | P42: =+G42-M42 -> 374400000
B43: 303 | C43: Fourniture et mise œuvre de beton dosé à 200 Kg/m3 pour revetement de trottoir - épaisseur = 10 cm | D43: m³ | E43: =+Attachement!E41 -> 1020 | F43: 250000 | G43: =+E43*F43 -> 255000000 | H43: =+Attachement!F41 -> 0 | I43: =H43*F43 -> 0 | J43: =+Attachement!G41 -> 0 | K43: =+J43*F43 -> 0 | L43: =+J43+H43 -> 0 | M43: =+K43+I43 -> 0 | N43: =+M43/G43 -> 0 | O43: =+E43-L43 -> 1020 | P43: =+G43-M43 -> 255000000
B44: 304 | C44: Revêtement en béton bitumineux ( 7 cm ) | D44: m³ | E44: =+Attachement!E42 -> 1300 | F44: 441000 | G44: =+E44*F44 -> 573300000 | H44: =+Attachement!F42 -> 0 | I44: =H44*F44 -> 0 | J44: =+Attachement!G42 -> 0 | K44: =+J44*F44 -> 0 | L44: =+J44+H44 -> 0 | M44: =+K44+I44 -> 0 | N44: =+M44/G44 -> 0 | O44: =+E44-L44 -> 1300 | P44: =+G44-M44 -> 573300000
B45: 305 | C45: Imprégnation MRC 400-600 | D45: m² | E45: =+Attachement!E43 -> 20000 | F45: 8500 | G45: =+E45*F45 -> 170000000 | H45: =+Attachement!F43 -> 0 | I45: =H45*F45 -> 0 | J45: =+Attachement!G43 -> 0 | K45: =+J45*F45 -> 0 | L45: =+J45+H45 -> 0 | M45: =+K45+I45 -> 0 | N45: =+M45/G45 -> 0 | O45: =+E45-L45 -> 20000 | P45: =+G45-M45 -> 170000000
B46: 307 | C46: Béton Bitumineux Minces pour piste cyclabe | D46: m³ | E46: =+Attachement!E44 -> 210 | F46: 441000 | G46: =+E46*F46 -> 92610000 | H46: =+Attachement!F44 -> 0 | I46: =H46*F46 -> 0 | J46: =+Attachement!G44 -> 0 | K46: =+J46*F46 -> 0 | L46: =+J46+H46 -> 0 | M46: =+K46+I46 -> 0 | N46: =+M46/G46 -> 0 | O46: =+E46-L46 -> 210 | P46: =+G46-M46 -> 92610000
B47: 305 | C47: Fourniture et mise œuvre de terre végétale pour espace vert | D47: m² | E47: =+Attachement!E45 -> 900 | F47: 11000 | G47: =+E47*F47 -> 9900000 | H47: =+Attachement!F45 -> 0 | I47: =H47*F47 -> 0 | J47: =+Attachement!G45 -> 0 | K47: =+J47*F47 -> 0 | L47: =+J47+H47 -> 0 | M47: =+K47+I47 -> 0 | N47: =+M47/G47 -> 0 | O47: =+E47-L47 -> 900 | P47: =+G47-M47 -> 9900000
C48: Total Poste 300 | G48: =+SUBTOTAL(9,G40:G47) -> 2070210000 | I48: =+SUBTOTAL(9,I40:I47) -> 0 | K48: =+SUBTOTAL(9,K40:K47) -> 0 | M48: =+SUBTOTAL(9,M40:M47) -> 0 | N48: =+M48/G48 -> 0 | P48: =+SUBTOTAL(9,P40:P47) -> 2070210000
B49: 400 | C49: SECURITE ET SIGNALISATION
B50: N° | C50: Désignation | D50: Unités | E50: Quantités
B51: 401 | C51: Fourniture et pose de bordures de type T2 | D51: ml | E51: =+Attachement!E49 -> 9000 | F51: 30000 | G51: =+E51*F51 -> 270000000 | H51: =+Attachement!F49 -> 0 | I51: =H51*F51 -> 0 | J51: =+Attachement!G49 -> 0 | K51: =+J51*F51 -> 0 | L51: =+J51+H51 -> 0 | M51: =+K51+I51 -> 0 | N51: =+M51/G51 -> 0 | O51: =+E51-L51 -> 9000 | P51: =+G51-M51 -> 270000000
B52: 403 | C52: Fourniture et pose de bordures de type CS2 | D52: ml | E52: =+Attachement!E50 -> 1800 | F52: 30000 | G52: =+E52*F52 -> 54000000 | H52: =+Attachement!F50 -> 0 | I52: =H52*F52 -> 0 | J52: =+Attachement!G50 -> 0 | K52: =+J52*F52 -> 0 | L52: =+J52+H52 -> 0 | M52: =+K52+I52 -> 0 | N52: =+M52/G52 -> 0 | O52: =+E52-L52 -> 1800 | P52: =+G52-M52 -> 54000000
B53: 404 | C53: Caniveaux en béton armé rectangulaire 50x50 | D53: ml | E53: =+Attachement!E51 -> 3500 | F53: 110000 | G53: =+E53*F53 -> 385000000 | H53: =+Attachement!F51 -> 0 | I53: =H53*F53 -> 0 | J53: =+Attachement!G51 -> 0 | K53: =+J53*F53 -> 0 | L53: =+J53+H53 -> 0 | M53: =+K53+I53 -> 0 | N53: =+M53/G53 -> 0 | O53: =+E53-L53 -> 3500 | P53: =+G53-M53 -> 385000000
B54: 405 | C54: Dalette en beton armé pour traversée de caniveaux 50x50 | D54: ml | E54: =+Attachement!E52 -> 1800 | F54: 30000 | G54: =+E54*F54 -> 54000000 | H54: =+Attachement!F52 -> 0 | I54: =H54*F54 -> 0 | J54: =+Attachement!G52 -> 0 | K54: =+J54*F54 -> 0 | L54: =+J54+H54 -> 0 | M54: =+K54+I54 -> 0 | N54: =+M54/G54 -> 0 | O54: =+E54-L54 -> 1800 | P54: =+G54-M54 -> 54000000
B55: 406 | C55: Aménagement de descentes d'eau | D55: ml | E55: =+Attachement!E53 -> 0 | F55: 45000 | G55: =+E55*F55 -> 0 | H55: =+Attachement!F53 -> 0 | I55: =H55*F55 -> 0 | J55: =+Attachement!G53 -> 0 | K55: =+J55*F55 -> 0 | L55: =+J55+H55 -> 0 | M55: =+K55+I55 -> 0 | O55: =+E55-L55 -> 0 | P55: =+G55-M55 -> 0
B56: 407 | C56: Regard 100x100 | D56: u | E56: =+Attachement!E54 -> 0 | F56: 175000 | G56: =+E56*F56 -> 0 | H56: =+Attachement!F54 -> 0 | I56: =H56*F56 -> 0 | J56: =+Attachement!G54 -> 0 | K56: =+J56*F56 -> 0 | L56: =+J56+H56 -> 0 | M56: =+K56+I56 -> 0 | O56: =+E56-L56 -> 0 | P56: =+G56-M56 -> 0
B57: 408 | C57: F/P de tampon pour regard | D57: u | E57: =+Attachement!E55 -> 0 | F57: 30000 | G57: =+E57*F57 -> 0 | H57: =+Attachement!F55 -> 0 | I57: =H57*F57 -> 0 | J57: =+Attachement!G55 -> 0 | K57: =+J57*F57 -> 0 | L57: =+J57+H57 -> 0 | M57: =+K57+I57 -> 0 | O57: =+E57-L57 -> 0 | P57: =+G57-M57 -> 0
B58: 409 | C58: Fourniture et mise œuvre de beton armé pour ouvrages de soutènement | D58: m³ | E58: =+Attachement!E56 -> 0 | F58: 498000 | G58: =+E58*F58 -> 0 | H58: =+Attachement!F56 -> 0 | I58: =H58*F58 -> 0 | J58: =+Attachement!G56 -> 0 | K58: =+J58*F58 -> 0 | L58: =+J58+H58 -> 0 | M58: =+K58+I58 -> 0 | O58: =+E58-L58 -> 0 | P58: =+G58-M58 -> 0
B59: 410 | C59: Dalot en béton armé 1 x (100 cm x 100 cm) | D59: ml | E59: =+Attachement!E57 -> 180 | F59: 1200000 | G59: =+E59*F59 -> 216000000 | H59: =+Attachement!F57 -> 0 | I59: =H59*F59 -> 0 | J59: =+Attachement!G57 -> 0 | K59: =+J59*F59 -> 0 | L59: =+J59+H59 -> 0 | M59: =+K59+I59 -> 0 | N59: =+M59/G59 -> 0 | O59: =+E59-L59 -> 180 | P59: =+G59-M59 -> 216000000
B60: 411 | C60: Tête pour dalot en béton armé 1x(100x100 cm) | D60: U | E60: =+Attachement!E58 -> 8 | F60: 1800000 | G60: =+E60*F60 -> 14400000 | H60: =+Attachement!F58 -> 0 | I60: =H60*F60 -> 0 | J60: =+Attachement!G58 -> 0 | K60: =+J60*F60 -> 0 | L60: =+J60+H60 -> 0 | M60: =+K60+I60 -> 0 | N60: =+M60/G60 -> 0 | O60: =+E60-L60 -> 8 | P60: =+G60-M60 -> 14400000
B61: 412 | C61: Regards pour tuyaux de reservation electrique 100x100x80 | D61: U | E61: =+Attachement!E59 -> 18 | F61: 175000 | G61: =+E61*F61 -> 3150000 | H61: =+Attachement!F59 -> 0 | I61: =H61*F61 -> 0 | J61: =+Attachement!G59 -> 0 | K61: =+J61*F61 -> 0 | L61: =+J61+H61 -> 0 | M61: =+K61+I61 -> 0 | N61: =+M61/G61 -> 0 | O61: =+E61-L61 -> 18 | P61: =+G61-M61 -> 3150000
C62: Total Poste 400 | G62: =+SUBTOTAL(9,G51:G61) -> 996550000 | I62: =+SUBTOTAL(9,I51:I61) -> 0 | K62: =+SUBTOTAL(9,K51:K61) -> 0 | M62: =+SUBTOTAL(9,M51:M61) -> 0 | N62: =+M62/G62 -> 0 | P62: =+SUBTOTAL(9,P51:P61) -> 996550000
B63: 500 | C63: PRESTATIONS ENVIRONNEMENTALES
B64: N° | C64: Désignation | D64: Unités | E64: Quantités
B65: 501 | C65: Réhabilitation des zones d'emprunts et de dépôts | D65: FT | E65: =+Attachement!E63 -> 1 | F65: 9000000 | G65: =+E65*F65 -> 9000000 | H65: =+Attachement!F63 -> 0 | I65: =+H65*F65 -> 0 | J65: =+Attachement!G63 -> 0 | K65: =+J65*F65 -> 0 | L65: =+J65+H65 -> 0 | M65: =+K65+I65 -> 0 | N65: =+M65/G65 -> 0 | O65: =+E65-L65 -> 1 | P65: =+G65-M65 -> 9000000
C66: Total Poste 500 | G66: =+SUBTOTAL(9,G65) -> 9000000 | I66: =+SUBTOTAL(9,I65) -> 0 | K66: =+SUBTOTAL(9,K65) -> 0 | M66: =+SUBTOTAL(9,M65) -> 0 | N66: =+M66/G66 -> 0 | P66: =+SUBTOTAL(9,P65) -> 9000000
B67: 600 | C67: AMENAGEMENTS CONNEXES
B68: N° | C68: Désignation | D68: Unités | E68: Quantités
B69: 601 | C69: Aménagement d'arrêt taxis (parking) | D69: u | E69: =+Attachement!E66 -> 1 | F69: 3800000 | G69: =+E69*F69 -> 3800000 | H69: =+Attachement!F66 -> 0 | I69: =H69*F69 -> 0 | J69: =+Attachement!G66 -> 0 | K69: =+J69*F69 -> 0 | L69: =+J69+H69 -> 0 | M69: =+K69+I69 -> 0 | N69: =+M69/G69 -> 0 | O69: =+E69-L69 -> 1 | P69: =+G69-M69 -> 3800000
B70: 602 | C70: Aménagement de plateau sportif | D70: u | E70: =+Attachement!E67 -> 1 | F70: 52000000 | G70: =+E70*F70 -> 52000000 | H70: =+Attachement!F67 -> 0 | I70: =H70*F70 -> 0 | J70: =+Attachement!G67 -> 0 | K70: =+J70*F70 -> 0 | L70: =+J70+H70 -> 0 | M70: =+K70+I70 -> 0 | N70: =+M70/G70 -> 0 | O70: =+E70-L70 -> 1 | P70: =+G70-M70 -> 52000000
C71: Total Poste 600 | G71: =+SUBTOTAL(9,G69:G70) -> 55800000 | I71: =+SUBTOTAL(9,I69:I70) -> 0 | K71: =+SUBTOTAL(9,K69:K70) -> 0 | M71: =+SUBTOTAL(9,M69:M70) -> 0 | N71: =+M71/G71 -> 0 | P71: =+SUBTOTAL(9,P69:P70) -> 55800000
C72: Total Voie sur Berge de la Lowé | G72: =+G23+G29+G38+G48+G62+G66+G71 -> 6735033000 | I72: =+I23+I29+I38+I48+I62+I66+I71 -> 0 | K72: =+K23+K29+K38+K48+K62+K66+K71 -> 648089192 | M72: =+M23+M29+M38+M48+M62+M66+M71 -> 648089192 | N72: =+M72/G72 -> 0.09622658 | P72: =+P23+P29+P38+P48+P62+P66+P71 -> 6086943808
B73: II. PIEUX SOUS PILE
B74: 000 | C74: GEOTECHNIQUE PIEUX
B75: N° | C75: Désignation | D75: Unités | E75: Quantités
B76: 001 | C76: Etude geotechnique mission G2 PRO | D76: Ft | E76: =+Attachement!E72 -> 1 | F76: 27000000 | G76: =+E76*F76 -> 27000000 | H76: =+Attachement!F72 -> 0 | J76: =+Attachement!G72 -> 0 | K76: =+J76*F76 -> 0 | L76: =+J76+H76 -> 0 | M76: =+K76+I76 -> 0 | N76: =+M76/G76 -> 0 | O76: =+E76-L76 -> 1 | P76: =+G76-M76 -> 27000000
C77: Total Poste 000 | G77: =+SUBTOTAL(9,G75:G76) -> 27000000 | I77: =+SUBTOTAL(9,I75:I76) -> 0 | K77: =+SUBTOTAL(9,K75:K76) -> 0 | M77: =+SUBTOTAL(9,M75:M76) -> 0 | N77: =+M77/G77 -> 0 | P77: =+SUBTOTAL(9,P75:P76) -> 27000000
B78: 100 | C78: FONDATIONS PROFONDES SUR PIEUX
B79: N° | C79: Désignation | D79: Unités | E79: Quantités
B80: 101 | C80: mobilisation ,amenée repli et démobilisation | D80: FT | E80: =+Attachement!E79 -> 1 | F80: 6000000 | G80: =+E80*F80 -> 6000000 | H80: =+Attachement!F79 -> 0 | I80: =H80*F80 -> 0 | J80: =+Attachement!G79 -> 0 | K80: =+J80*F80 -> 0 | L80: =+J80+H80 -> 0 | M80: =+K80+I80 -> 0 | N80: =+M80/G80 -> 0 | O80: =+E80-L80 -> 1 | P80: =+G80-M80 -> 6000000
B81: 102 | C81: installation chantier | D81: FT | E81: =+Attachement!E80 -> 1 | F81: 1000000 | G81: =+E81*F81 -> 1000000 | H81: =+Attachement!F80 -> 0 | I81: =H81*F81 -> 0 | J81: =+Attachement!G80 -> 0 | K81: =+J81*F81 -> 0 | L81: =+J81+H81 -> 0 | M81: =+K81+I81 -> 0 | N81: =+M81/G81 -> 0 | O81: =+E81-L81 -> 1 | P81: =+G81-M81 -> 1000000
B82: 103 | C82: Réalisation pieux de 1000 | D82: U | E82: =+Attachement!E81 -> 28 | F82: 8000000 | G82: =+E82*F82 -> 224000000 | H82: =+Attachement!F81 -> 0 | I82: =H82*F82 -> 0 | J82: =+Attachement!G81 -> 0 | K82: =+J82*F82 -> 0 | L82: =+J82+H82 -> 0 | M82: =+K82+I82 -> 0 | N82: =+M82/G82 -> 0 | O82: =+E82-L82 -> 28 | P82: =+G82-M82 -> 224000000
C83: forage à la tariere de 1200 , 15ml/pieu y compris tubage | E83: =+Attachement!E82 -> 0 | G83: =+E83*F83 -> 0 | H83: =+Attachement!F82 -> 0 | I83: =H83*F83 -> 0 | J83: =+Attachement!G82 -> 0 | K83: =+J83*F83 -> 0 | L83: =+J83+H83 -> 0 | M83: =+K83+I83 -> 0 | O83: =+E83-L83 -> 0 | P83: =+G83-M83 -> 0
C84: forationn dans rocher 8ml/pieu | E84: =+Attachement!E83 -> 0 | G84: =+E84*F84 -> 0 | H84: =+Attachement!F83 -> 0 | I84: =H84*F84 -> 0 | J84: =+Attachement!G83 -> 0 | K84: =+J84*F84 -> 0 | L84: =+J84+H84 -> 0 | M84: =+K84+I84 -> 0 | O84: =+E84-L84 -> 0 | P84: =+G84-M84 -> 0
C85: mise en placearmature , beton beton | E85: =+Attachement!E84 -> 0 | G85: =+E85*F85 -> 0 | H85: =+Attachement!F84 -> 0 | I85: =H85*F85 -> 0 | J85: =+Attachement!G84 -> 0 | K85: =+J85*F85 -> 0 | L85: =+J85+H85 -> 0 | M85: =+K85+I85 -> 0 | O85: =+E85-L85 -> 0 | P85: =+G85-M85 -> 0
C86: recepage des pieux | E86: =+Attachement!E85 -> 0 | G86: =+E86*F86 -> 0 | H86: =+Attachement!F85 -> 0 | I86: =H86*F86 -> 0 | J86: =+Attachement!G85 -> 0 | K86: =+J86*F86 -> 0 | L86: =+J86+H86 -> 0 | M86: =+K86+I86 -> 0 | O86: =+E86-L86 -> 0 | P86: =+G86-M86 -> 0
C87: coffrage des tetes de pieux | E87: =+Attachement!E86 -> 0 | G87: =+E87*F87 -> 0 | H87: =+Attachement!F86 -> 0 | I87: =H87*F87 -> 0 | J87: =+Attachement!G86 -> 0 | K87: =+J87*F87 -> 0 | L87: =+J87+H87 -> 0 | M87: =+K87+I87 -> 0 | O87: =+E87-L87 -> 0 | P87: =+G87-M87 -> 0
B88: 104 | C88: fourniture beton | D88: m3 | E88: =+Attachement!E87 -> 760 | F88: 125000 | G88: =+E88*F88 -> 95000000 | H88: =+Attachement!F87 -> 0 | I88: =H88*F88 -> 0 | J88: =+Attachement!G87 -> 0 | K88: =+J88*F88 -> 0 | L88: =+J88+H88 -> 0 | M88: =+K88+I88 -> 0 | N88: =+M88/G88 -> 0 | O88: =+E88-L88 -> 760 | P88: =+G88-M88 -> 95000000
B89: 105 | C89: fourniture acier | D89: kg | E89: =+Attachement!E88 -> 11000 | F89: 1500 | G89: =+E89*F89 -> 16500000 | H89: =+Attachement!F88 -> 0 | I89: =H89*F89 -> 0 | J89: =+Attachement!G88 -> 0 | K89: =+J89*F89 -> 0 | L89: =+J89+H89 -> 0 | M89: =+K89+I89 -> 0 | N89: =+M89/G89 -> 0 | O89: =+E89-L89 -> 11000 | P89: =+G89-M89 -> 16500000
C90: Total Poste 100 | G90: =+SUBTOTAL(9,G79:G89) -> 342500000 | I90: =+SUBTOTAL(9,I79:I89) -> 0 | K90: =+SUBTOTAL(9,K79:K89) -> 0 | M90: =+SUBTOTAL(9,M79:M89) -> 0 | N90: =+M90/G90 -> 0 | P90: =+SUBTOTAL(9,P79:P89) -> 342500000
C91: Désignation | D91: Unités | E91: Quantités | F91: Prix unitaire | G91: Prix total | H91: PROGRESSION
H92: Prestations précédentes | J92: Prestations du Mois | L92: Prestations cumulées (en FCFA) | N92: % avment | O92: Prestations restantes (en FCFA)
H93: Qté | I93: Montant | J93: Qté | K93: Montant | L93: Qté | M93: Montant | O93: Qté Restante | P93: CA Restant
B94: 200 | C94: TERRASSEMENTS GENERAUX
B95: N° | C95: Désignation | D95: Unités | E95: Quantités
B96: 201 | C96: Enrochement Batardeau | D96: m³ | E96: =+Attachement!E92 -> 2100 | F96: 20000 | G96: =+E96*F96 -> 42000000 | H96: =+Attachement!F92 -> 0 | I96: =H96*F96 -> 0 | J96: =+Attachement!G92 -> 0 | K96: =+J96*F96 -> 0 | L96: =+J96+H96 -> 0 | M96: =+K96+I96 -> 0 | N96: =+M96/G96 -> 0 | O96: =+E96-L96 -> 2100 | P96: =+G96-M96 -> 42000000
B97: 202 | C97: remblais batardeau | D97: m³ | E97: =+Attachement!E93 -> 5100 | F97: 20000 | G97: =+E97*F97 -> 102000000 | H97: =+Attachement!F93 -> 0 | I97: =H97*F97 -> 0 | J97: =+Attachement!G93 -> 0 | K97: =+J97*F97 -> 0 | L97: =+J97+H97 -> 0 | M97: =+K97+I97 -> 0 | P97: =+G97-M97 -> 102000000
B98: 203 | C98: Pompage et autres aléas | D98: FT | E98: =+Attachement!E94 -> 1 | F98: 9000000 | G98: =+E98*F98 -> 9000000 | H98: =+Attachement!F94 -> 0 | I98: =H98*F98 -> 0 | J98: =+Attachement!G94 -> 0 | K98: =+J98*F98 -> 0 | L98: =+J98+H98 -> 0 | M98: =+K98+I98 -> 0 | N98: =+M98/G98 -> 0 | O98: =+E98-L98 -> 1 | P98: =+G98-M98 -> 9000000
C99: Total Poste 200 | G99: =+SUBTOTAL(9,G95:G98) -> 153000000 | I99: =+SUBTOTAL(9,I95:I98) -> 0 | K99: =+SUBTOTAL(9,K95:K98) -> 0 | M99: =+SUBTOTAL(9,M95:M98) -> 0 | N99: =+M99/G99 -> 0 | P99: =+SUBTOTAL(9,P95:P98) -> 153000000
B100: 300 | C100: DIVERS
B101: N° | C101: Désignation | D101: Unités | E101: Quantités
B102: 301 | C102: Essais d'impédance sur pieux avec rapport d'auscultation | D102: U | E102: =+Attachement!E98 -> 30 | F102: 750000 | G102: =+E102*F102 -> 22500000 | H102: =+Attachement!F98 -> 0 | I102: =H102*F102 -> 0 | J102: =+Attachement!G98 -> 0 | K102: =+J102*F102 -> 0 | L102: =+J102+H102 -> 0 | M102: =+K102+I102 -> 0 | N102: =+M102/G102 -> 0 | O102: =+E102-L102 -> 30 | P102: =+G102-M102 -> 22500000
B103: 302 | C103: Plan de pilotage, rapport d'éxécution | D103: FT | E103: =+Attachement!E99 -> 1 | F103: 750000 | G103: =+E103*F103 -> 750000 | H103: =+Attachement!F99 -> 0 | I103: =H103*F103 -> 0 | J103: =+Attachement!G99 -> 0 | K103: =+J103*F103 -> 0 | L103: =+J103+H103 -> 0 | M103: =+K103+I103 -> 0 | N103: =+M103/G103 -> 0 | O103: =+E103-L103 -> 1 | P103: =+G103-M103 -> 750000
...
